{
    "checked_nodes": [
        1, 
        4, 
        5, 
        7, 
        8, 
        12, 
        14, 
        15, 
        16, 
        17, 
        18, 
        19, 
        20
    ], 
    "community_truth": {
        "1": [
            2, 
            3, 
            6, 
            8, 
            9, 
            10, 
            11, 
            13, 
            14, 
            15, 
            17, 
            19, 
            20
        ], 
        "2": [
            1, 
            2, 
            4, 
            5, 
            7, 
            10, 
            12, 
            15, 
            16, 
            18
        ]
    }, 
    "data": {
        "1": [
            0.46153846153846156, 
            [
                2, 
                3, 
                6, 
                9, 
                10, 
                11, 
                13
            ], 
            null
        ], 
        "2": [
            0.7, 
            [
                2, 
                10, 
                15
            ], 
            null
        ]
    }, 
    "full_edges": [], 
    "jaccard_avg": 0.5807692307692307, 
    "memberships": {
        "1": [
            "2"
        ], 
        "4": [
            "2"
        ], 
        "5": [
            "2"
        ], 
        "7": [
            "2"
        ], 
        "8": [
            "1"
        ], 
        "12": [
            "2"
        ], 
        "14": [
            "1"
        ], 
        "15": [
            "1"
        ], 
        "16": [
            "2"
        ], 
        "17": [
            "1"
        ], 
        "18": [
            "2"
        ], 
        "19": [
            "1"
        ], 
        "20": [
            "1"
        ]
    }, 
    "missing_nodes": [
        2, 
        3, 
        6, 
        9, 
        10, 
        11, 
        13
    ], 
    "number_of_communities": 2, 
    "number_of_detected_communities": 4, 
    "number_of_edges": 48, 
    "number_of_full_edges": 0, 
    "number_of_nodes": 20
}