{
    "checked_nodes": [
        1, 
        2, 
        3, 
        4, 
        5, 
        6, 
        7, 
        9, 
        11, 
        12, 
        13, 
        18, 
        19, 
        20
    ], 
    "community_truth": {
        "1": [
            2, 
            3, 
            6, 
            8, 
            9, 
            10, 
            11, 
            13, 
            14, 
            15, 
            17, 
            19, 
            20
        ], 
        "2": [
            1, 
            2, 
            4, 
            5, 
            7, 
            10, 
            12, 
            15, 
            16, 
            18
        ]
    }, 
    "data": {
        "1": [
            0.46153846153846156, 
            [
                2, 
                8, 
                10, 
                13, 
                14, 
                15, 
                17
            ], 
            []
        ], 
        "2": [
            0.6363636363636364, 
            [
                10, 
                15, 
                16
            ], 
            [
                13
            ]
        ]
    }, 
    "full_edges": [
        [
            2, 
            12
        ], 
        [
            3, 
            9
        ], 
        [
            9, 
            11
        ], 
        [
            10, 
            16
        ], 
        [
            11, 
            20
        ], 
        [
            14, 
            17
        ]
    ], 
    "jaccard_avg": 0.548951048951049, 
    "memberships": {
        "1": [
            "2"
        ], 
        "2": [
            "2"
        ], 
        "3": [
            "1"
        ], 
        "4": [
            "2"
        ], 
        "5": [
            "2"
        ], 
        "6": [
            "1"
        ], 
        "7": [
            "2"
        ], 
        "9": [
            "1"
        ], 
        "11": [
            "1"
        ], 
        "12": [
            "2"
        ], 
        "13": [
            "2"
        ], 
        "18": [
            "2"
        ], 
        "19": [
            "1"
        ], 
        "20": [
            "1"
        ]
    }, 
    "missing_nodes": [
        8, 
        10, 
        14, 
        15, 
        16, 
        17
    ], 
    "number_of_communities": 2, 
    "number_of_detected_communities": 4, 
    "number_of_edges": 54, 
    "number_of_full_edges": 6, 
    "number_of_nodes": 20
}