{
    "checked_nodes": [
        1, 
        2, 
        3, 
        4, 
        5, 
        6, 
        7, 
        8, 
        9, 
        10, 
        11, 
        12, 
        13, 
        14, 
        15, 
        16, 
        17, 
        18, 
        19, 
        20, 
        21, 
        22, 
        23, 
        24, 
        25, 
        26, 
        27, 
        29, 
        30, 
        31, 
        32, 
        33, 
        34, 
        35, 
        36, 
        37, 
        38, 
        39, 
        40, 
        41, 
        42, 
        43, 
        44, 
        45, 
        47, 
        48, 
        49, 
        50
    ], 
    "community_truth": {
        "1": [
            5, 
            12, 
            15, 
            18, 
            23, 
            28, 
            30, 
            42, 
            46, 
            50
        ], 
        "2": [
            2, 
            18, 
            20, 
            22, 
            24, 
            34, 
            36, 
            45, 
            46
        ], 
        "3": [
            9, 
            11, 
            24, 
            25, 
            26, 
            28, 
            29, 
            32, 
            49
        ], 
        "4": [
            1, 
            3, 
            5, 
            6, 
            7, 
            8, 
            10, 
            19, 
            21, 
            24, 
            31, 
            33, 
            35, 
            37, 
            38, 
            40, 
            41, 
            43, 
            46, 
            47
        ], 
        "5": [
            4, 
            5, 
            13, 
            14, 
            16, 
            17, 
            18, 
            27, 
            28, 
            39, 
            44, 
            48
        ]
    }, 
    "data": {
        "1": [
            0.7, 
            [
                18, 
                28, 
                46
            ], 
            []
        ], 
        "2": [
            0.8888888888888888, 
            [
                46
            ], 
            []
        ], 
        "3": [
            0.7777777777777778, 
            [
                24, 
                28
            ], 
            []
        ], 
        "4": [
            0.85, 
            [
                5, 
                24, 
                46
            ], 
            []
        ], 
        "5": [
            0.75, 
            [
                5, 
                18, 
                28
            ], 
            []
        ]
    }, 
    "full_edges": [
        [
            1, 
            33
        ], 
        [
            1, 
            40
        ], 
        [
            2, 
            34
        ], 
        [
            2, 
            36
        ], 
        [
            3, 
            7
        ], 
        [
            5, 
            15
        ], 
        [
            8, 
            21
        ], 
        [
            8, 
            33
        ], 
        [
            9, 
            25
        ], 
        [
            9, 
            29
        ], 
        [
            10, 
            37
        ], 
        [
            11, 
            25
        ], 
        [
            11, 
            26
        ], 
        [
            11, 
            49
        ], 
        [
            12, 
            30
        ], 
        [
            12, 
            42
        ], 
        [
            13, 
            17
        ], 
        [
            16, 
            44
        ], 
        [
            16, 
            48
        ], 
        [
            19, 
            31
        ], 
        [
            20, 
            45
        ], 
        [
            22, 
            45
        ], 
        [
            22, 
            46
        ], 
        [
            23, 
            50
        ], 
        [
            24, 
            45
        ], 
        [
            26, 
            32
        ], 
        [
            27, 
            48
        ], 
        [
            28, 
            50
        ], 
        [
            29, 
            32
        ], 
        [
            30, 
            42
        ], 
        [
            30, 
            50
        ], 
        [
            34, 
            36
        ], 
        [
            34, 
            45
        ], 
        [
            35, 
            41
        ], 
        [
            39, 
            48
        ], 
        [
            41, 
            47
        ], 
        [
            42, 
            50
        ], 
        [
            43, 
            47
        ], 
        [
            44, 
            48
        ]
    ], 
    "jaccard_avg": 0.7933333333333333, 
    "memberships": {
        "1": [
            "4"
        ], 
        "2": [
            "2"
        ], 
        "3": [
            "4"
        ], 
        "4": [
            "5"
        ], 
        "5": [
            "1"
        ], 
        "6": [
            "4"
        ], 
        "7": [
            "4"
        ], 
        "8": [
            "4"
        ], 
        "9": [
            "3"
        ], 
        "10": [
            "4"
        ], 
        "11": [
            "3"
        ], 
        "12": [
            "1"
        ], 
        "13": [
            "5"
        ], 
        "14": [
            "5"
        ], 
        "15": [
            "1"
        ], 
        "16": [
            "5"
        ], 
        "17": [
            "5"
        ], 
        "18": [
            "2"
        ], 
        "19": [
            "4"
        ], 
        "20": [
            "2"
        ], 
        "21": [
            "4"
        ], 
        "22": [
            "2"
        ], 
        "23": [
            "1"
        ], 
        "24": [
            "2"
        ], 
        "25": [
            "3"
        ], 
        "26": [
            "3"
        ], 
        "27": [
            "5"
        ], 
        "29": [
            "3"
        ], 
        "30": [
            "1"
        ], 
        "31": [
            "4"
        ], 
        "32": [
            "3"
        ], 
        "33": [
            "4"
        ], 
        "34": [
            "2"
        ], 
        "35": [
            "4"
        ], 
        "36": [
            "2"
        ], 
        "37": [
            "4"
        ], 
        "38": [
            "4"
        ], 
        "39": [
            "5"
        ], 
        "40": [
            "4"
        ], 
        "41": [
            "4"
        ], 
        "42": [
            "1"
        ], 
        "43": [
            "4"
        ], 
        "44": [
            "5"
        ], 
        "45": [
            "2"
        ], 
        "47": [
            "4"
        ], 
        "48": [
            "5"
        ], 
        "49": [
            "3"
        ], 
        "50": [
            "1"
        ]
    }, 
    "missing_nodes": [
        28, 
        46
    ], 
    "number_of_communities": 5, 
    "number_of_detected_communities": 12, 
    "number_of_edges": 216, 
    "number_of_full_edges": 39, 
    "number_of_nodes": 50
}