{
    "checked_nodes": [
        1, 
        2, 
        3, 
        4, 
        5, 
        6, 
        7, 
        8, 
        9, 
        10, 
        11, 
        12, 
        13, 
        14, 
        15, 
        16, 
        17, 
        18, 
        19, 
        20, 
        21, 
        22, 
        23, 
        24, 
        25, 
        26, 
        27, 
        28, 
        29, 
        30, 
        31, 
        32, 
        33, 
        34, 
        35, 
        36, 
        37, 
        38, 
        39, 
        40, 
        41, 
        42, 
        43, 
        44, 
        45, 
        46, 
        47, 
        48, 
        49, 
        50
    ], 
    "community_truth": {
        "1": [
            5, 
            12, 
            15, 
            18, 
            23, 
            28, 
            30, 
            42, 
            46, 
            50
        ], 
        "2": [
            2, 
            18, 
            20, 
            22, 
            24, 
            34, 
            36, 
            45, 
            46
        ], 
        "3": [
            9, 
            11, 
            24, 
            25, 
            26, 
            28, 
            29, 
            32, 
            49
        ], 
        "4": [
            1, 
            3, 
            5, 
            6, 
            7, 
            8, 
            10, 
            19, 
            21, 
            24, 
            31, 
            33, 
            35, 
            37, 
            38, 
            40, 
            41, 
            43, 
            46, 
            47
        ], 
        "5": [
            4, 
            5, 
            13, 
            14, 
            16, 
            17, 
            18, 
            27, 
            28, 
            39, 
            44, 
            48
        ]
    }, 
    "data": {
        "1": [
            0.37037037037037035, 
            [], 
            null
        ], 
        "2": [
            0.5294117647058824, 
            [], 
            null
        ], 
        "3": [
            0.5294117647058824, 
            [], 
            null
        ], 
        "4": [
            0.6785714285714286, 
            [
                24
            ], 
            null
        ], 
        "5": [
            1.0, 
            [], 
            null
        ]
    }, 
    "full_edges": [], 
    "jaccard_avg": 0.6215530656707127, 
    "memberships": {
        "1": [
            "1", 
            "4"
        ], 
        "2": [
            "2", 
            "3"
        ], 
        "3": [
            "1", 
            "4"
        ], 
        "4": [
            "5"
        ], 
        "5": [
            "1", 
            "4", 
            "5"
        ], 
        "6": [
            "1", 
            "4"
        ], 
        "7": [
            "1", 
            "4"
        ], 
        "8": [
            "1", 
            "4"
        ], 
        "9": [
            "2", 
            "3"
        ], 
        "10": [
            "1", 
            "4"
        ], 
        "11": [
            "2", 
            "3"
        ], 
        "12": [
            "1", 
            "4"
        ], 
        "13": [
            "5"
        ], 
        "14": [
            "5"
        ], 
        "15": [
            "1", 
            "4"
        ], 
        "16": [
            "5"
        ], 
        "17": [
            "5"
        ], 
        "18": [
            "1", 
            "2", 
            "3", 
            "4", 
            "5"
        ], 
        "19": [
            "1", 
            "4"
        ], 
        "20": [
            "2", 
            "3"
        ], 
        "21": [
            "1", 
            "4"
        ], 
        "22": [
            "2", 
            "3"
        ], 
        "23": [
            "1", 
            "4"
        ], 
        "24": [
            "2", 
            "3"
        ], 
        "25": [
            "2", 
            "3"
        ], 
        "26": [
            "2", 
            "3"
        ], 
        "27": [
            "5"
        ], 
        "28": [
            "1", 
            "2", 
            "3", 
            "4", 
            "5"
        ], 
        "29": [
            "2", 
            "3"
        ], 
        "30": [
            "1", 
            "4"
        ], 
        "31": [
            "1", 
            "4"
        ], 
        "32": [
            "2", 
            "3"
        ], 
        "33": [
            "1", 
            "4"
        ], 
        "34": [
            "2", 
            "3"
        ], 
        "35": [
            "1", 
            "4"
        ], 
        "36": [
            "2", 
            "3"
        ], 
        "37": [
            "1", 
            "4"
        ], 
        "38": [
            "1", 
            "4"
        ], 
        "39": [
            "5"
        ], 
        "40": [
            "1", 
            "4"
        ], 
        "41": [
            "1", 
            "4"
        ], 
        "42": [
            "1", 
            "4"
        ], 
        "43": [
            "1", 
            "4"
        ], 
        "44": [
            "5"
        ], 
        "45": [
            "2", 
            "3"
        ], 
        "46": [
            "1", 
            "2", 
            "3", 
            "4"
        ], 
        "47": [
            "1", 
            "4"
        ], 
        "48": [
            "5"
        ], 
        "49": [
            "2", 
            "3"
        ], 
        "50": [
            "1", 
            "4"
        ]
    }, 
    "missing_nodes": [], 
    "number_of_communities": 5, 
    "number_of_detected_communities": 3, 
    "number_of_edges": 177, 
    "number_of_full_edges": 0, 
    "number_of_nodes": 50
}